{
	"id": "b680b021a01062ac4b97b23e6057ead2",
	"_format": "hh-sol-build-info-1",
	"solcVersion": "0.8.7",
	"solcLongVersion": "0.8.7+commit.e28d00a7",
	"input": {
		"language": "Solidity",
		"sources": {
			"contracts/SimpleStorage.sol": {
				"content": "// SPDX-License-Identifier: MIT // Optional, but some compilers may flag you a warning if you don't have one\r\n// pragma solidity >=0.8.7 <0.9.0; //Any version between the 2 will work.\r\n// pragma solidity ^0.8.7; //Any version above this will work.\r\npragma solidity ^0.8.7; //Every complete sentence needs to end with ;\r\n\r\n"
			}
		},
		"settings": {
			"optimizer": {
				"enabled": false,
				"runs": 200
			},
			"outputSelection": {
				"*": {
					"": [
						"ast"
					],
					"*": [
						"abi",
						"metadata",
						"devdoc",
						"userdoc",
						"storageLayout",
						"evm.legacyAssembly",
						"evm.bytecode",
						"evm.deployedBytecode",
						"evm.methodIdentifiers",
						"evm.gasEstimates",
						"evm.assembly"
					]
				}
			}
		}
	},
	"output": {
		"sources": {
			"contracts/SimpleStorage.sol": {
				"ast": {
					"absolutePath": "contracts/SimpleStorage.sol",
					"exportedSymbols": {},
					"id": 2,
					"license": "MIT",
					"nodeType": "SourceUnit",
					"nodes": [
						{
							"id": 1,
							"literals": [
								"solidity",
								"^",
								"0.8",
								".7"
							],
							"nodeType": "PragmaDirective",
							"src": "249:23:0"
						}
					],
					"src": "249:73:0"
				},
				"id": 0
			}
		}
	}
}